id,source_chapter,source_title,quality_pages,personal_pages,proffdok_chapter,relevance,sources,phase,status,handling,body_similarity
K001,Vår bedrift,Erklæring - HMS - Risikoanalyse og risikovurdering,6,—,Sikker utførelse og beredskap,Felles / aktivitetsvalg,IK;AML;UTF;SHA,B,Planlagt innhold; ikke ferdig rutine,Kun kvalitetshåndboken.,
K002,Vår bedrift,KS - Organisasjonsplan / kompetansekart,7,—,Virksomhet og kvalitetsledelse,Felles / rollevalg,IK;SAK,A/B,Planlagt innhold; ikke ferdig rutine,Kun kvalitetshåndboken.,
K003,Vår bedrift,KS - Kvalitetssikring og styring av innleide foretak,8–9,6–7,Virksomhet og kvalitetsledelse,Felles / rollevalg,IK;SAK,A/B,Planlagt innhold; ikke ferdig rutine,"Begge kilder; personlige svar/signaturer gjenbrukes ikke. Overlapp: leverandørvurdering og oppfølging samlet, ansvarsrett beholdes som forskjell.",0.988
K004,Vår bedrift,Erklæring - Ledelse - HMS erklæring,10,—,Sikker utførelse og beredskap,Felles / aktivitetsvalg,IK;AML;UTF;SHA,B,Planlagt innhold; ikke ferdig rutine,Kun kvalitetshåndboken.,
K005,Vår bedrift,"Erklæring - Gjennomgangserklæring, en egenerklæring om kvalitetssystemet",11,—,Virksomhet og kvalitetsledelse,Felles / rollevalg,IK;SAK,A/B,Planlagt innhold; ikke ferdig rutine,Kun kvalitetshåndboken. Overlapp: systemgjennomgang/revisjon og ledelsens godkjenning.,
K006,Vår bedrift,"Erklæring - HMS - Kvalitetssikringsrutiner, gjennomgang og oppdatering",12–13,8–9,Sikker utførelse og beredskap,Felles / aktivitetsvalg,IK;AML;UTF;SHA,B,Planlagt innhold; ikke ferdig rutine,Begge kilder; personlige svar/signaturer gjenbrukes ikke. Overlapp: systemgjennomgang/revisjon og ledelsens godkjenning.,0.982
K007,Vår bedrift,HMS - Politikk og mål for internkontroll og HMS,14–16,—,Sikker utførelse og beredskap,Felles / aktivitetsvalg,IK;AML;UTF;SHA,B,Planlagt innhold; ikke ferdig rutine,Kun kvalitetshåndboken.,
K008,HMSK,HMS - Koronavirus og anbefalte retningslinjer - Smittevernberedskap og biologiske trusler,17–19,10–12,Sikker utførelse og beredskap,Felles / aktivitetsvalg,FHI;IK;UTF,B,Planlagt innhold; ikke ferdig rutine,Begge kilder; personlige svar/signaturer gjenbrukes ikke. Historisk covid-innhold: erstattes av risikobasert biologisk beredskap og aktuelle myndighetsråd; alle fem kildetema beholdes.,0.982
K009,HMSK,"HMS - Smittevern, gjenåpning av arbeidsplass",20–21,13–14,Sikker utførelse og beredskap,Felles / aktivitetsvalg,FHI;IK;UTF,B,Planlagt innhold; ikke ferdig rutine,Begge kilder; personlige svar/signaturer gjenbrukes ikke. Historisk covid-innhold: erstattes av risikobasert biologisk beredskap og aktuelle myndighetsråd; alle fem kildetema beholdes.,0.991
K010,HMSK,"HMS - Smittevern, rutine for karantene",22,15,Sikker utførelse og beredskap,Felles / aktivitetsvalg,FHI;IK;UTF,B,Planlagt innhold; ikke ferdig rutine,Begge kilder; personlige svar/signaturer gjenbrukes ikke. Historisk covid-innhold: erstattes av risikobasert biologisk beredskap og aktuelle myndighetsråd; alle fem kildetema beholdes.,0.975
K011,HMSK,"HMS - Smittevern, rutine for isolasjon",23,16,Sikker utførelse og beredskap,Felles / aktivitetsvalg,FHI;IK;UTF,B,Planlagt innhold; ikke ferdig rutine,Begge kilder; personlige svar/signaturer gjenbrukes ikke. Historisk covid-innhold: erstattes av risikobasert biologisk beredskap og aktuelle myndighetsråd; alle fem kildetema beholdes.,0.964
K012,HMSK,"HMS - Smittevern, risikovurdering",24,17,Sikker utførelse og beredskap,Felles / aktivitetsvalg,FHI;IK;UTF,B,Planlagt innhold; ikke ferdig rutine,Begge kilder; personlige svar/signaturer gjenbrukes ikke. Historisk covid-innhold: erstattes av risikobasert biologisk beredskap og aktuelle myndighetsråd; alle fem kildetema beholdes.,0.978
K013,Rutiner,Rutine - HMS - Beredskapsplan,25–27,18–20,Sikker utførelse og beredskap,Felles / aktivitetsvalg,IK;AML;UTF;SHA,B,Planlagt innhold; ikke ferdig rutine,"Begge kilder; personlige svar/signaturer gjenbrukes ikke. Dobbelt oppføring; én beredskapsrutine, separate kildelenker og underinstrukser.",0.992
K014,Rutiner,Rutine - HMS - Beredskapsplan,28–30,21–23,Sikker utførelse og beredskap,Felles / aktivitetsvalg,IK;AML;UTF;SHA,B,Planlagt innhold; ikke ferdig rutine,"Begge kilder; personlige svar/signaturer gjenbrukes ikke. Dobbelt oppføring; én beredskapsrutine, separate kildelenker og underinstrukser.",0.987
K015,Rutiner,"Rutine - HR - Permisjon. Avtalefestet-, lovfestet- og velferdspermisjon",31–32,24–25,"Personal, kompetanse og arbeidsmiljø",Felles,AML;FER;PV,A/B,Planlagt innhold; ikke ferdig rutine,Begge kilder; personlige svar/signaturer gjenbrukes ikke.,0.853
K016,Rutiner,Rutine - HR - Ferieavvikling,33,26,"Personal, kompetanse og arbeidsmiljø",Felles,AML;FER;PV,A/B,Planlagt innhold; ikke ferdig rutine,Begge kilder; personlige svar/signaturer gjenbrukes ikke.,0.964
K017,Rutiner,Rutine - HR - Mottak av gaver,34,27,"Personal, kompetanse og arbeidsmiljø",Felles,AML;FER;PV,A/B,Planlagt innhold; ikke ferdig rutine,Begge kilder; personlige svar/signaturer gjenbrukes ikke. Tjenestemannsloven-henvisning skal ikke brukes som generell plikt for private foretak.,0.965
K018,Rutiner,Rutine - HMS - Arbeid i kum,35,28,Sikker utførelse og beredskap,Aktivitetsvalg,UTF;IK;SHA,B,Planlagt innhold; ikke ferdig rutine,Begge kilder; personlige svar/signaturer gjenbrukes ikke.,0.984
K019,Rutiner,"Rutine - HMS - Arbeid i høyden, stillas og personlift",36–37,29–30,Sikker utførelse og beredskap,Felles / aktivitetsvalg,IK;AML;UTF;SHA,B,Planlagt innhold; ikke ferdig rutine,Begge kilder; personlige svar/signaturer gjenbrukes ikke.,0.985
K020,Rutiner,"Rutine - HMS - Kjemikalier/løsemidler, bruk og innkjøp",38,31–32,Sikker utførelse og beredskap,Felles / aktivitetsvalg,IK;AML;UTF;SHA,B,Planlagt innhold; ikke ferdig rutine,Begge kilder; personlige svar/signaturer gjenbrukes ikke.,0.965
K021,Rutiner,Rutine - HMS - Utførelse av varme arbeider,39,33,Sikker utførelse og beredskap,Felles / aktivitetsvalg,IK;AML;UTF;SHA,B,Planlagt innhold; ikke ferdig rutine,Begge kilder; personlige svar/signaturer gjenbrukes ikke. Sertifikatkrav for varme arbeider må skilles fra arbeidsmiljøkrav og forsikrings-/kontraktsvilkår.,0.98
K022,Rutiner,Rutine - KS - Gjennomgang og oppdatering av kvalitetssikringsrutiner,40,34,Virksomhet og kvalitetsledelse,Felles / rollevalg,IK;SAK,A/B,Planlagt innhold; ikke ferdig rutine,Begge kilder; personlige svar/signaturer gjenbrukes ikke. Overlapp: systemgjennomgang/revisjon og ledelsens godkjenning.,0.981
K023,Rutiner,Rutine - HMS - Bruk av vinkelsliper / vinkelkutter,41,35,Sikker utførelse og beredskap,Felles / aktivitetsvalg,IK;AML;UTF;SHA,B,Planlagt innhold; ikke ferdig rutine,Begge kilder; personlige svar/signaturer gjenbrukes ikke. Sertifikatkrav for varme arbeider må skilles fra arbeidsmiljøkrav og forsikrings-/kontraktsvilkår.,0.98
K024,Rutiner,Rutine - HMS - Arbeid som medfører støv,42,36,Sikker utførelse og beredskap,Felles / aktivitetsvalg,IK;AML;UTF;SHA,B,Planlagt innhold; ikke ferdig rutine,Begge kilder; personlige svar/signaturer gjenbrukes ikke.,0.986
K025,Rutiner,Rutine - KS - Kvalitetssikring av eget arbeid for utførende bedrift,43–44,37–38,Fag og kvalitet,Funksjon/ansvarsrett; våtrom ved valgt aktivitet,SAK;TEK,B,Planlagt innhold; ikke ferdig rutine,Begge kilder; personlige svar/signaturer gjenbrukes ikke.,0.979
K026,Rutiner,"Rutine - KS - Kvalitetssikring av eget arbeid, prosjekterende",45–46,39–40,Fag og kvalitet,Funksjon/ansvarsrett; våtrom ved valgt aktivitet,SAK;TEK,B,Planlagt innhold; ikke ferdig rutine,Begge kilder; personlige svar/signaturer gjenbrukes ikke.,0.984
K027,Rutiner,Rutine - KS - Kvalitetssikring av eget arbeid - Søker,47,41,Fag og kvalitet,Funksjon/ansvarsrett; våtrom ved valgt aktivitet,SAK;TEK,B,Planlagt innhold; ikke ferdig rutine,Begge kilder; personlige svar/signaturer gjenbrukes ikke.,0.974
K028,Rutiner,Rutine - HMS - Bruk av personlig verneutstyr,48,42–43,Sikker utførelse og beredskap,Felles / aktivitetsvalg,IK;AML;UTF;SHA,B,Planlagt innhold; ikke ferdig rutine,Begge kilder; personlige svar/signaturer gjenbrukes ikke.,0.977
K029,Rutiner,Rutine - KS - Ansvarlig utførende,49–50,—,Fag og kvalitet,Funksjon/ansvarsrett; våtrom ved valgt aktivitet,SAK;TEK,B,Planlagt innhold; ikke ferdig rutine,Kun kvalitetshåndboken.,
K030,Rutiner,Rutine - HMS - Ettersyn av førstehjelpsutstyr,51,44,Sikker utførelse og beredskap,Felles / aktivitetsvalg,IK;AML;UTF;SHA,B,Planlagt innhold; ikke ferdig rutine,Begge kilder; personlige svar/signaturer gjenbrukes ikke.,0.983
K031,Rutiner,Rutine - KS - Ansvarlig prosjekterende,52–53,—,Fag og kvalitet,Funksjon/ansvarsrett; våtrom ved valgt aktivitet,SAK;TEK,B,Planlagt innhold; ikke ferdig rutine,Kun kvalitetshåndboken.,
K032,Rutiner,Rutine - KS - Skilting og merking,54,45,Virksomhet og kvalitetsledelse,Felles / rollevalg,IK;SAK,A/B,Planlagt innhold; ikke ferdig rutine,Begge kilder; personlige svar/signaturer gjenbrukes ikke.,0.966
K033,Rutiner,Rutine - KS - Ansvarlig søker,55,—,Fag og kvalitet,Funksjon/ansvarsrett; våtrom ved valgt aktivitet,SAK;TEK,B,Planlagt innhold; ikke ferdig rutine,Kun kvalitetshåndboken.,
K034,Rutiner,Rutine - HMS - Kjerneboring,56,46,Sikker utførelse og beredskap,Felles / aktivitetsvalg,IK;AML;UTF;SHA,B,Planlagt innhold; ikke ferdig rutine,Begge kilder; personlige svar/signaturer gjenbrukes ikke.,0.973
K035,Rutiner,"Rutine - KS - Avvik, ruh og uønskede hendelser - identifisering, registrering, behandling og lukking",57–59,47–49,Virksomhet og kvalitetsledelse,Felles / rollevalg,IK;SAK,A/B,Planlagt innhold; ikke ferdig rutine,Begge kilder; personlige svar/signaturer gjenbrukes ikke.,0.984
K036,Rutiner,Rutine - KS - Dokumenthåndtering,60–61,50–51,Virksomhet og kvalitetsledelse,Felles / rollevalg,IK;SAK,A/B,Planlagt innhold; ikke ferdig rutine,Begge kilder; personlige svar/signaturer gjenbrukes ikke.,0.98
K037,Rutiner,Rutine - KS - Oppdatering av kunnskap om nødvendige lover og forskrifter,62,52,Virksomhet og kvalitetsledelse,Felles / rollevalg,IK;SAK,A/B,Planlagt innhold; ikke ferdig rutine,Begge kilder; personlige svar/signaturer gjenbrukes ikke.,0.981
K038,Rutiner,Rutine - KS - Kvalitetssikring og styring av innleide foretak uten egen ansvarsrett,63–64,53–54,Virksomhet og kvalitetsledelse,Felles / rollevalg,IK;SAK,A/B,Planlagt innhold; ikke ferdig rutine,"Begge kilder; personlige svar/signaturer gjenbrukes ikke. Overlapp: leverandørvurdering og oppfølging samlet, ansvarsrett beholdes som forskjell.",0.989
K039,Rutiner,Rutine - HMS - Sikkert arbeid ved sjø og vann,65,55,Sikker utførelse og beredskap,Aktivitetsvalg,UTF;IK;SHA,B,Planlagt innhold; ikke ferdig rutine,Begge kilder; personlige svar/signaturer gjenbrukes ikke.,0.973
K040,Rutiner,Rutine - HMS - Arbeid på eller ved trafikkert vei,66–67,56–57,Sikker utførelse og beredskap,Aktivitetsvalg,UTF;IK;SHA,B,Planlagt innhold; ikke ferdig rutine,Begge kilder; personlige svar/signaturer gjenbrukes ikke.,0.979
K041,Rutiner,Rutine - HMS - Systematisk HMS-arbeid og HMS-plan,68,58–59,Sikker utførelse og beredskap,Felles / aktivitetsvalg,IK;AML;UTF;SHA,B,Planlagt innhold; ikke ferdig rutine,Begge kilder; personlige svar/signaturer gjenbrukes ikke.,0.976
K042,Rutiner,Rutine - HMS - Vernerunder,69,60,Sikker utførelse og beredskap,Felles / aktivitetsvalg,IK;AML;UTF;SHA,B,Planlagt innhold; ikke ferdig rutine,Begge kilder; personlige svar/signaturer gjenbrukes ikke.,0.978
K043,Rutiner,Rutine - HMS - Samordning av internkontroll,70,61,Sikker utførelse og beredskap,Felles / aktivitetsvalg,IK;AML;UTF;SHA,B,Planlagt innhold; ikke ferdig rutine,Begge kilder; personlige svar/signaturer gjenbrukes ikke.,0.97
K044,Rutiner,Rutine - HMS - Føring og kontroll av mannskapslister,71,62,Sikker utførelse og beredskap,Felles / aktivitetsvalg,IK;AML;UTF;SHA,B,Planlagt innhold; ikke ferdig rutine,Begge kilder; personlige svar/signaturer gjenbrukes ikke.,0.981
K045,Rutiner,Rutine - HMS - Stoffkartotek,72,63,Sikker utførelse og beredskap,Felles / aktivitetsvalg,IK;AML;UTF;SHA,B,Planlagt innhold; ikke ferdig rutine,Begge kilder; personlige svar/signaturer gjenbrukes ikke.,0.976
K046,Rutiner,Rutine - HMS - Riggplanlegging,73,64,Sikker utførelse og beredskap,Felles / aktivitetsvalg,IK;AML;UTF;SHA,B,Planlagt innhold; ikke ferdig rutine,Begge kilder; personlige svar/signaturer gjenbrukes ikke.,0.982
K047,Rutiner,"Rutine - HMS - Elektrisk anlegg og utstyr, tilsyn",74,65,Sikker utførelse og beredskap,Felles / aktivitetsvalg,IK;AML;UTF;SHA,B,Planlagt innhold; ikke ferdig rutine,Begge kilder; personlige svar/signaturer gjenbrukes ikke.,0.979
K048,Rutiner,Rutine - HMS - SHA-plan,75,66,Sikker utførelse og beredskap,Felles / aktivitetsvalg,IK;AML;UTF;SHA,B,Planlagt innhold; ikke ferdig rutine,Begge kilder; personlige svar/signaturer gjenbrukes ikke.,0.981
K049,Rutiner,Rutine - KS - Oppslag av prosjektopplysninger,76,67,Virksomhet og kvalitetsledelse,Felles / rollevalg,IK;SAK,A/B,Planlagt innhold; ikke ferdig rutine,Begge kilder; personlige svar/signaturer gjenbrukes ikke.,0.976
K050,Rutiner,Rutine - KS - Målsetting for Internkontroll,77,68,Sikker utførelse og beredskap,Felles / aktivitetsvalg,IK;AML;UTF;SHA,B,Planlagt innhold; ikke ferdig rutine,Begge kilder; personlige svar/signaturer gjenbrukes ikke.,0.976
K051,Rutiner,"Rutine - HMS - Røyking, kaffe, mineralvann o.l.",78,69,Sikker utførelse og beredskap,Felles / aktivitetsvalg,IK;AML;UTF;SHA,B,Planlagt innhold; ikke ferdig rutine,Begge kilder; personlige svar/signaturer gjenbrukes ikke.,0.925
K052,Rutiner,Rutine - KS - Etiske retningslinjer,79,70,Virksomhet og kvalitetsledelse,Felles / rollevalg,IK;SAK,A/B,Planlagt innhold; ikke ferdig rutine,Begge kilder; personlige svar/signaturer gjenbrukes ikke.,0.968
K053,Rutiner,"Rutine - HR - Styret, stillingsbeskrivelse og ansvarsområder",80,—,"Personal, kompetanse og arbeidsmiljø",Felles,AML;FER;PV,D,Planlagt innhold; ikke ferdig rutine,Kun kvalitetshåndboken.,
K054,Rutiner,Rutine - HR - Opplæringsplan,81,71,"Personal, kompetanse og arbeidsmiljø",Felles,AML;FER;PV,D,Planlagt innhold; ikke ferdig rutine,Begge kilder; personlige svar/signaturer gjenbrukes ikke.,0.864
K055,Rutiner,Rutine - KS - Innhenting av priser fra leverandører og underentreprenører,82,72,Virksomhet og kvalitetsledelse,Felles / rollevalg,IK;SAK,A/B,Planlagt innhold; ikke ferdig rutine,Begge kilder; personlige svar/signaturer gjenbrukes ikke. Prosedyre beholdes; ordre/materiell/ressursplanlegging/lagertransaksjoner bygges ikke.,0.976
K056,Rutiner,Rutine - KS - Forberedelse til kontraktsforhandlinger,83,73,Virksomhet og kvalitetsledelse,Felles / rollevalg,IK;SAK,A/B,Planlagt innhold; ikke ferdig rutine,Begge kilder; personlige svar/signaturer gjenbrukes ikke. Prosedyre beholdes; ordre/materiell/ressursplanlegging/lagertransaksjoner bygges ikke.,0.975
K057,Rutiner,"Rutine - KS - Søknadspliktige tiltak, ved oppstart",84–85,—,Fag og kvalitet,Funksjon/ansvarsrett; våtrom ved valgt aktivitet,SAK;TEK,B,Planlagt innhold; ikke ferdig rutine,Kun kvalitetshåndboken.,
K058,Rutiner,Rutine - KS - Gassanlegg,86,74,Fag og kvalitet,VVS / Ringside-tilvalg,SAK;TEK;UTF;DSB,B,Planlagt innhold; ikke ferdig rutine,Begge kilder; personlige svar/signaturer gjenbrukes ikke.,0.979
K059,Rutiner,Rutine - KS - Sprinkleranlegg,87,75,Fag og kvalitet,VVS / Ringside-tilvalg,SAK;TEK;UTF;DSB,B,Planlagt innhold; ikke ferdig rutine,Begge kilder; personlige svar/signaturer gjenbrukes ikke.,0.973
K060,Rutiner,"Rutine - HMS - Bruk, sikkerhet og vedlikehold av maskiner og kjøretøy",88,76,Sikker utførelse og beredskap,Felles / aktivitetsvalg,IK;AML;UTF;SHA,B,Planlagt innhold; ikke ferdig rutine,Begge kilder; personlige svar/signaturer gjenbrukes ikke.,0.982
K061,Rutiner,Rutine - HMS - Håndtering av kjemikalier og forurensning i arbeidsatmosfæren,89–90,77–78,Sikker utførelse og beredskap,Felles / aktivitetsvalg,IK;AML;UTF;SHA,B,Planlagt innhold; ikke ferdig rutine,Begge kilder; personlige svar/signaturer gjenbrukes ikke.,0.98
K062,Rutiner,Rutine - HMS - Rutine for stabling av varer,91,79,Sikker utførelse og beredskap,Felles / aktivitetsvalg,IK;AML;UTF;SHA,B,Planlagt innhold; ikke ferdig rutine,Begge kilder; personlige svar/signaturer gjenbrukes ikke.,0.974
K063,Rutiner,Rutine - HMS - Tunge løft,92,80–81,Sikker utførelse og beredskap,Felles / aktivitetsvalg,IK;AML;UTF;SHA,B,Planlagt innhold; ikke ferdig rutine,Begge kilder; personlige svar/signaturer gjenbrukes ikke.,0.976
K064,Rutiner,Rutine - HMS - Åpen varetransport,93,82,Sikker utførelse og beredskap,Felles / aktivitetsvalg,IK;AML;UTF;SHA,B,Planlagt innhold; ikke ferdig rutine,Begge kilder; personlige svar/signaturer gjenbrukes ikke.,0.973
K065,Rutiner,Rutine - KS - Søknad om ansvarsrett for utførelse (UTF),94,83,Fag og kvalitet,Funksjon/ansvarsrett; våtrom ved valgt aktivitet,SAK;TEK,B,Planlagt innhold; ikke ferdig rutine,Begge kilder; personlige svar/signaturer gjenbrukes ikke.,0.969
K066,Rutiner,Rutine - KS - Håndtering av samsvarserklæringer,95,—,Fag og kvalitet,Funksjon/ansvarsrett; våtrom ved valgt aktivitet,SAK;TEK,B,Planlagt innhold; ikke ferdig rutine,Kun kvalitetshåndboken.,
K067,Rutiner,"Rutine - KS - Opphør av ansvarsrett før ansvarsområdet er ferdigstilt, avtroppende",96,—,Fag og kvalitet,Funksjon/ansvarsrett; våtrom ved valgt aktivitet,SAK;TEK,B,Planlagt innhold; ikke ferdig rutine,Kun kvalitetshåndboken.,
K068,Rutiner,Rutine - KS - Henvendelser,97,84,Virksomhet og kvalitetsledelse,Felles / rollevalg,IK;SAK,A/B,Planlagt innhold; ikke ferdig rutine,Begge kilder; personlige svar/signaturer gjenbrukes ikke.,0.94
K069,Rutiner,Rutine - KS - Lagerhåndtering,98,85,Virksomhet og kvalitetsledelse,Felles / rollevalg,IK;SAK,A/B,Planlagt innhold; ikke ferdig rutine,Begge kilder; personlige svar/signaturer gjenbrukes ikke. Prosedyre beholdes; ordre/materiell/ressursplanlegging/lagertransaksjoner bygges ikke.,0.916
K070,Rutiner,Rutine - HMS - Arbeid i grøft,99–100,86–87,Sikker utførelse og beredskap,Aktivitetsvalg,UTF;IK;SHA,B,Planlagt innhold; ikke ferdig rutine,Begge kilder; personlige svar/signaturer gjenbrukes ikke. Ikke viderefør formulering om at arbeidstaker tar eget ansvar for avvik fra sikring.,0.986
K071,Rutiner,Rutine - HMS - Avløp og avløpsanlegg,101,88,Fag og kvalitet,VVS / Ringside-tilvalg,SAK;TEK;UTF;DSB,B,Planlagt innhold; ikke ferdig rutine,Begge kilder; personlige svar/signaturer gjenbrukes ikke.,0.98
K072,Rutiner,Rutine - HMS - HMS-kort i bygge- og anleggsnæring,102,89,Sikker utførelse og beredskap,Felles / aktivitetsvalg,IK;AML;UTF;SHA,B,Planlagt innhold; ikke ferdig rutine,Begge kilder; personlige svar/signaturer gjenbrukes ikke.,0.981
K073,Rutiner,Rutine - HMS - Sanering/Håndtering av asbest,103–104,90–91,Sikker utførelse og beredskap,Felles / aktivitetsvalg,IK;AML;UTF;SHA,B,Planlagt innhold; ikke ferdig rutine,Begge kilder; personlige svar/signaturer gjenbrukes ikke.,0.983
K074,Rutiner,Rutine - HMS - Varsling av kritikkverdige forhold,105–106,92–93,"Personal, kompetanse og arbeidsmiljø",Felles,AML;FER;PV,A/B,Planlagt innhold; ikke ferdig rutine,Begge kilder; personlige svar/signaturer gjenbrukes ikke.,0.98
K075,Rutiner,Rutine - KS - Tiltaksklasse 1,107,94–95,Fag og kvalitet,Funksjon/ansvarsrett; våtrom ved valgt aktivitet,SAK;TEK,B,Planlagt innhold; ikke ferdig rutine,"Begge kilder; personlige svar/signaturer gjenbrukes ikke. Skille tiltaksklasse, funksjon og uavhengig kontroll; kilden blander disse.",0.978
K076,Rutiner,Rutine - KS - Tiltaksklasse 2,108,96–97,Fag og kvalitet,Funksjon/ansvarsrett; våtrom ved valgt aktivitet,SAK;TEK,B,Planlagt innhold; ikke ferdig rutine,"Begge kilder; personlige svar/signaturer gjenbrukes ikke. Skille tiltaksklasse, funksjon og uavhengig kontroll; kilden blander disse.",0.977
K077,Rutiner,Rutine - KS - Tiltaksklasse 3,109–110,98–99,Fag og kvalitet,Funksjon/ansvarsrett; våtrom ved valgt aktivitet,SAK;TEK,B,Planlagt innhold; ikke ferdig rutine,"Begge kilder; personlige svar/signaturer gjenbrukes ikke. Skille tiltaksklasse, funksjon og uavhengig kontroll; kilden blander disse.",0.98
K078,Rutiner,Rutine - KS - Servicebil,111,—,Virksomhet og kvalitetsledelse,Felles / rollevalg,IK;SAK,A/B,Planlagt innhold; ikke ferdig rutine,Kun kvalitetshåndboken. Prosedyre beholdes; ordre/materiell/ressursplanlegging/lagertransaksjoner bygges ikke.,
K079,Rutiner,Rutine - KS - Legionella,112,100,Fag og kvalitet,VVS / Ringside-tilvalg,SAK;TEK;UTF;DSB,B,Planlagt innhold; ikke ferdig rutine,Begge kilder; personlige svar/signaturer gjenbrukes ikke.,0.972
K080,Rutiner,Rutine - KS - Arbeidstid og timesregistering,113,101,"Personal, kompetanse og arbeidsmiljø",Felles,AML;FER;PV,A/B,Planlagt innhold; ikke ferdig rutine,Begge kilder; personlige svar/signaturer gjenbrukes ikke. Arbeidstidsrutine beholdes; timeregistrering/Cordel/Dextro-funksjonalitet utenfor utviklingsomfang.,0.91
K081,Rutiner,Rutine - KS - Kvalitetssikring av utførelse av våtrom,114,102,Fag og kvalitet,Funksjon/ansvarsrett; våtrom ved valgt aktivitet,SAK;TEK,B,Planlagt innhold; ikke ferdig rutine,Begge kilder; personlige svar/signaturer gjenbrukes ikke.,0.976
K082,Rutiner,Rutine - HMS - Sikker jobbanalyse SJA,115,103,Sikker utførelse og beredskap,Felles / aktivitetsvalg,IK;AML;UTF;SHA,B,Planlagt innhold; ikke ferdig rutine,Begge kilder; personlige svar/signaturer gjenbrukes ikke.,0.978
K083,Rutiner,Rutine - HMS - Bedriftshelsetjeneste,116,104,"Personal, kompetanse og arbeidsmiljø",Felles,AML;FER;PV,A/B,Planlagt innhold; ikke ferdig rutine,Begge kilder; personlige svar/signaturer gjenbrukes ikke.,0.984
K084,Rutiner,Rutine - HR - Lønnsjustering og bonusutbetaling,117,105,"Personal, kompetanse og arbeidsmiljø",Felles,AML;FER;PV,D,Planlagt innhold; ikke ferdig rutine,Begge kilder; personlige svar/signaturer gjenbrukes ikke.,0.961
K085,Rutiner,Rutine - HMS - Verneombud,118–119,106–107,"Personal, kompetanse og arbeidsmiljø",Felles,AML;FER;PV,A/B,Planlagt innhold; ikke ferdig rutine,"Begge kilder; personlige svar/signaturer gjenbrukes ikke. Kontroller gjeldende terskler for verneombud, ikke tidligere 10-ansattregel.",0.977
K086,Rutiner,Rutine - HMS - Førstehjelp,120–121,108–109,Sikker utførelse og beredskap,Felles / aktivitetsvalg,IK;AML;UTF;SHA,B,Planlagt innhold; ikke ferdig rutine,Begge kilder; personlige svar/signaturer gjenbrukes ikke.,0.975
K087,Rutiner,Rutine - Åpenhetsloven,122–125,—,Virksomhet og kvalitetsledelse,Felles / rollevalg,AAP,A/B,Planlagt innhold; ikke ferdig rutine,Kun kvalitetshåndboken. Virkeområde må vurderes; ingen generell CSRD- eller åpenhetslovplikt for alle firma.,
K088,Miljø,Miljø - Miljøpolitkk,126,110,Ytre miljø og bærekraft,Felles,MIL,B,Planlagt innhold; ikke ferdig rutine,Begge kilder; personlige svar/signaturer gjenbrukes ikke.,0.984
K089,Miljø,Rutine - Miljø - Innkjøp,127,111,Ytre miljø og bærekraft,Felles,MIL,B,Planlagt innhold; ikke ferdig rutine,Begge kilder; personlige svar/signaturer gjenbrukes ikke.,0.978
K090,Miljø,Rutine - Miljø - Transport,128,112,Ytre miljø og bærekraft,Felles,MIL,B,Planlagt innhold; ikke ferdig rutine,Begge kilder; personlige svar/signaturer gjenbrukes ikke.,0.975
K091,Miljø,Rutine - Miljø - Avfall,129,113,Ytre miljø og bærekraft,Felles,MIL,B,Planlagt innhold; ikke ferdig rutine,Begge kilder; personlige svar/signaturer gjenbrukes ikke.,0.986
K092,Miljø,Rutine - Miljø - Energi,130,114,Ytre miljø og bærekraft,Felles,MIL,B,Planlagt innhold; ikke ferdig rutine,Begge kilder; personlige svar/signaturer gjenbrukes ikke.,0.959
K093,Personvern,"Rutine - Personvern - Internkontroll, behandling av data",131,115,Personvern og informasjonssikkerhet,Felles,PV,D,Planlagt innhold; ikke ferdig rutine,Begge kilder; personlige svar/signaturer gjenbrukes ikke.,0.974
K094,Personvern,Personvern - Rammer for personvern opplysninger,132–133,116–117,Personvern og informasjonssikkerhet,Felles,PV,D,Planlagt innhold; ikke ferdig rutine,Begge kilder; personlige svar/signaturer gjenbrukes ikke. Gamle samtykkepåstander og fødselsnummerfelt overføres ikke; formål/grunnlag/minimering må vurderes.,0.979
K095,Personvern,Rutine - Personvern - GPS og lokalisering,134–135,—,Personvern og informasjonssikkerhet,Felles,PV,D,Planlagt innhold; ikke ferdig rutine,Kun kvalitetshåndboken.,
K096,Personvern,Rutine - Personvern - Leverandører og kunder,136,118,Personvern og informasjonssikkerhet,Felles,PV,D,Planlagt innhold; ikke ferdig rutine,Begge kilder; personlige svar/signaturer gjenbrukes ikke.,0.985
K097,Personvern,Rutine - Personvern - Databehandlersituasjoner,137,119,Personvern og informasjonssikkerhet,Felles,PV,D,Planlagt innhold; ikke ferdig rutine,Begge kilder; personlige svar/signaturer gjenbrukes ikke.,0.959
K098,Personvern,Rutine - Personvern - Tilgang til lokaler og utstyr,138,120,Personvern og informasjonssikkerhet,Felles,PV,D,Planlagt innhold; ikke ferdig rutine,Begge kilder; personlige svar/signaturer gjenbrukes ikke.,0.974
K099,Personvern,Rutine - Personvern - Kameraovervåking,139,121,Personvern og informasjonssikkerhet,Felles,PV,D,Planlagt innhold; ikke ferdig rutine,Begge kilder; personlige svar/signaturer gjenbrukes ikke.,0.974
K100,Personvern,Rutine - Personvern - Publisering og bruk av intranett,140,122,Personvern og informasjonssikkerhet,Felles,PV,D,Planlagt innhold; ikke ferdig rutine,Begge kilder; personlige svar/signaturer gjenbrukes ikke.,0.983
K101,Personvern,Rutine - Personvern - Bruk av særskilte IT-systemer,141,123,Personvern og informasjonssikkerhet,Felles,PV,D,Planlagt innhold; ikke ferdig rutine,Begge kilder; personlige svar/signaturer gjenbrukes ikke.,0.962
K102,Personvern,"Rutine - Personvern - Krav om innsyn, retting og utlevering",142,124,Personvern og informasjonssikkerhet,Felles,PV,D,Planlagt innhold; ikke ferdig rutine,Begge kilder; personlige svar/signaturer gjenbrukes ikke.,0.981
K103,Personvern,Rutine - Personvern - Innsyn i ansattes e-post/laptop/IT-utstyr,143,—,Personvern og informasjonssikkerhet,Felles,PV,D,Planlagt innhold; ikke ferdig rutine,Kun kvalitetshåndboken.,
K104,Personvern,Rutine - Personvern - Avslutning av arbeidsforhold.,144–145,125–127,Personvern og informasjonssikkerhet,Felles,PV,D,Planlagt innhold; ikke ferdig rutine,Begge kilder; personlige svar/signaturer gjenbrukes ikke. Gamle samtykkepåstander og fødselsnummerfelt overføres ikke; formål/grunnlag/minimering må vurderes.,0.982
K105,Personvern,Rutine - Personvern - Registrering av nyansatt.,146–148,—,Personvern og informasjonssikkerhet,Felles,PV,D,Planlagt innhold; ikke ferdig rutine,Kun kvalitetshåndboken. Gamle samtykkepåstander og fødselsnummerfelt overføres ikke; formål/grunnlag/minimering må vurderes.,
U01,Underliggende tema,Brann- og ulykkesinstruks,26;29,19;22,Sikker utførelse og beredskap,Felles eller aktivitet; vurderes konkret,UTF;IK,A/B/D,Planlagt innhold; ikke ferdig rutine,"Underliggende tema/formål, ikke nytt kopiert skjema. Sporbarhet til K013;K014.",
U02,Underliggende tema,Håndtering av omdømmekrise,25–26;28–29,18–19;21–22,Virksomhet og kvalitetsledelse,Felles eller aktivitet; vurderes konkret,IK,A/B/D,Planlagt innhold; ikke ferdig rutine,"Underliggende tema/formål, ikke nytt kopiert skjema. Sporbarhet til K013;K014.",
U03,Underliggende tema,"Skader, ulykker og nestenulykker",26–27;29–30,19–20;22–23,Sikker utførelse og beredskap,Felles eller aktivitet; vurderes konkret,AML;UTF,A/B/D,Planlagt innhold; ikke ferdig rutine,"Underliggende tema/formål, ikke nytt kopiert skjema. Sporbarhet til K013;K014.",
U04,Underliggende tema,Leverandørvurdering og oppgave-/grensesnittavklaring,8–9;63–64,6–7;53–54,Virksomhet og kvalitetsledelse,Felles eller aktivitet; vurderes konkret,SAK;IK,A/B/D,Planlagt innhold; ikke ferdig rutine,"Underliggende tema/formål, ikke nytt kopiert skjema. Sporbarhet til K003;K038.",
U05,Underliggende tema,Prosjektorganisering og endringer i myndighetskrav,49;52;55,37–41;83,Fag og kvalitet,Felles eller aktivitet; vurderes konkret,SAK,A/B/D,Planlagt innhold; ikke ferdig rutine,"Underliggende tema/formål, ikke nytt kopiert skjema. Sporbarhet til K025;K026;K027;K029;K031;K033;K065.",
U06,Underliggende tema,Databehandleroversikt og avtaler,137,119,Personvern og informasjonssikkerhet,Felles eller aktivitet; vurderes konkret,PV,A/B/D,Planlagt innhold; ikke ferdig rutine,"Underliggende tema/formål, ikke nytt kopiert skjema. Sporbarhet til K097.",
U07,Underliggende tema,"Låsing, lys og sikring av lokaler",138,120,Personvern og informasjonssikkerhet,Felles eller aktivitet; vurderes konkret,PV;IK,A/B/D,Planlagt innhold; ikke ferdig rutine,"Underliggende tema/formål, ikke nytt kopiert skjema. Sporbarhet til K098.",
U08,Underliggende tema,"Risiko, handlingsplan, roller og medvirkning",14–16,58–59,Virksomhet og kvalitetsledelse,Felles eller aktivitet; vurderes konkret,IK;AML,A/B/D,Planlagt innhold; ikke ferdig rutine,"Underliggende tema/formål, ikke nytt kopiert skjema. Sporbarhet til K007;K041.",
U09,Underliggende tema,"Brann/eksplosjon, el-sikkerhet og forurensning",15,76–78,Sikker utførelse og beredskap,Felles eller aktivitet; vurderes konkret,UTF;DSB;MIL,A/B/D,Planlagt innhold; ikke ferdig rutine,"Underliggende tema/formål, ikke nytt kopiert skjema. Sporbarhet til K007;K047;K060;K061.",
U10,Underliggende tema,"Miljø og helse, storulykker og strålevern",16,—,Sikker utførelse og beredskap,Felles eller aktivitet; vurderes konkret,IK;DSB,A/B/D,Planlagt innhold; ikke ferdig rutine,"Underliggende tema/formål, ikke nytt kopiert skjema. Sporbarhet til K007.",
U11,Underliggende tema,"BHT: ergonomi, støy/lys, inneklima og målrettet helseoppfølging",116,104,"Personal, kompetanse og arbeidsmiljø",Felles eller aktivitet; vurderes konkret,AML;UTF,A/B/D,Planlagt innhold; ikke ferdig rutine,"Underliggende tema/formål, ikke nytt kopiert skjema. Sporbarhet til K083.",
U12,Underliggende tema,"BHT: organisatorisk/psykososialt miljø, tilrettelegging og sykefravær",116,104,"Personal, kompetanse og arbeidsmiljø",Felles eller aktivitet; vurderes konkret,AML,A/B/D,Planlagt innhold; ikke ferdig rutine,"Underliggende tema/formål, ikke nytt kopiert skjema. Sporbarhet til K083.",
U13,Underliggende tema,"Nyansatt: arbeidsavtale, informasjon, opplæring og tilgang",146–147,71;115–117,"Personal, kompetanse og arbeidsmiljø",Felles eller aktivitet; vurderes konkret,AML;PV,A/B/D,Planlagt innhold; ikke ferdig rutine,"Underliggende tema/formål, ikke nytt kopiert skjema. Sporbarhet til K105;K054;K093;K094.",
U14,Underliggende tema,"Fratredelse: sperring, tilbakelevering, bevaringsvurdering og sletting",144–145,125–126,"Personal, kompetanse og arbeidsmiljø",Felles eller aktivitet; vurderes konkret,PV,A/B/D,Planlagt innhold; ikke ferdig rutine,"Underliggende tema/formål, ikke nytt kopiert skjema. Sporbarhet til K104.",
U15,Underliggende tema,"Varslingskanaler, vern mot gjengjeldelse og fortrolig saksbehandling",105–106,92–93,"Personal, kompetanse og arbeidsmiljø",Felles eller aktivitet; vurderes konkret,AML;PV,A/B/D,Planlagt innhold; ikke ferdig rutine,"Underliggende tema/formål, ikke nytt kopiert skjema. Sporbarhet til K074.",
U16,Underliggende tema,"Førstehjelp: varsling, livreddende tiltak og utstyr/opplæring",51;120–121,44;108–109,Sikker utførelse og beredskap,Felles eller aktivitet; vurderes konkret,UTF;AML,A/B/D,Planlagt innhold; ikke ferdig rutine,"Underliggende tema/formål, ikke nytt kopiert skjema. Sporbarhet til K030;K086.",
M01,Dokumentmetadata,Forside og dokumentidentitet,1,1,Virksomhet og kvalitetsledelse,"Metadata, ikke rutine",—,A,Kartlagt,Historiske navn/adresser/signaturer importeres ikke automatisk.,
M02,Dokumentmetadata,Bedriftsopplysninger og organisasjonskart,2–3,2–3,Virksomhet og kvalitetsledelse,"Metadata, ikke rutine",—,A,Kartlagt,Historiske navn/adresser/signaturer importeres ikke automatisk.,
M03,Dokumentmetadata,Innholdsfortegnelse,4–5,4–5,Virksomhet og kvalitetsledelse,"Metadata, ikke rutine",—,A,Kartlagt,Historiske navn/adresser/signaturer importeres ikke automatisk.,
M04,Dokumentmetadata,Tom avslutningsside,148,127,Virksomhet og kvalitetsledelse,"Metadata, ikke rutine",—,A,Kartlagt,Historiske navn/adresser/signaturer importeres ikke automatisk.,
